Teks,label
Penetapan rekanan tanpa proses kompetitif. Komisi 18% dari nilai kerjasama. Gunakan perusahaan afiliasi.,1
meeting di hotel. kontak via aplikasi amankomunikasi rahasia,1
Penggunaan fasilitas kantor harus sesuai dengan peraturan yang berlaku dan untuk kepentingan pekerjaan semata.,0
Pengajuan cuti tahunan harus dilakukan minimal 7 hari sebelum tanggal cuti melalui sistem HR yang telah disediakan.,0
Tender proyek; pengadaan pemerintahProyek konstruksi,1
Ada peluang tender proyek pemerintah yang bisa diatur. Butuh 'jembatan' sebesar 7% dari nilai proyek. Dana via multiple transfer.,1
"sebesar Rp 50 juta, kemudian senilai 1000 juta40% dari nilai",1
Workshop innovation thinking akan diadakan untuk semua level karyawan guna meningkatkan kreativitas dalam bekerja.,0
dengan fee 40% - dengan komisi rp 200 jutadengan imbalan 5%,1
Pengadaan; pembelianprocurementpengembangan,1
"Sistem absensi digital sudah aktif, harap semua karyawan melakukan absen melalui aplikasi mobile yang telah disediakan.",0
jaminan tanpa bukti; proses rahasiatransaksi aman,1
untuk tender dimenangkan. agar proses lancarsupaya bonus besar,1
Penggunaan fasilitas kantor untuk usaha pribadi. Cukup bayar fee 3% dari omzet bulanan. Tidak perlu laporan resmi.,1
"Program mentoring untuk karyawan junior telah dibuka, pendaftaran dapat dilakukan melalui portal pengembangan karir.",0
"Update sistem ERP akan dilakukan akhir pekan ini, harap backup data penting sebelum proses update dimulai.",0
Laporan keuangan triwulan menunjukkan pertumbuhan yang stabil dengan peningkatan pendapatan sebesar 15% dibandingkan periode sebelumnya.,0
Pengajuan reimbursement harus disertai dengan invoice asli dan telah mendapat approval dari atasan langsung.,0
"Pembagian tugas proyek baru sudah ditetapkan, detailnya dapat dilihat di dashboard project management.",0
Pelatihan soft skills untuk karyawan baru akan dilaksanakan minggu depan dengan materi komunikasi efektif dan teamwork.,0
Rapat koordinasi tim akan diadakan besok pukul 10.00 WIB di ruang meeting lantai 5 untuk membahas progress proyek terkini.,0
"Pemeliharaan rutin server akan dilakukan pada hari Sabtu pukul 00.00-04.00 WIB, harap simpan semua pekerjaan sebelum waktu tersebut.",0
Buat laporan fiktif. Selanjutnya siapkan invoice palsuDokumen pendukung palsu,1
Audit internal akan dilakukan bulan depan untuk memastikan compliance dengan standar operasional perusahaan.,0
"Evaluasi kinerja kuartalan akan dimulai bulan depan, pastikan semua target dan pencapaian telah didokumentasikan dengan baik.",0
"Kebijakan baru mengenai business travel telah diterbitkan, termasuk ketentuan akomodasi dan transportasi.",0
Perubahan dokumen kontrak untuk keuntungan bersama. Fee negotiable 10-20% dari nilai tambahan. Komunikasi via ponsel kedua.,1
"transaksi rekening offshore, kemudian pembayaran transfer bertahapvia aplikasi encrypted",1
Pengadaan - pembelianprocurementpengembangan,1
Tender proyek. pengadaan pemerintahProyek konstruksi,1
dengan fee 20%; dengan komisi rp 1000 jutadengan imbalan 5%,1
Buat laporan fiktif. siapkan invoice palsuDokumen pendukung palsu,1
sebesar Rp 500 juta. senilai 100 juta5% dari nilai,1
"Buat laporan fiktif, kemudian siapkan invoice palsuDokumen pendukung palsu",1
Pemeriksaan kesehatan karyawan rutin tahunan akan dilakukan bekerjasama dengan rumah sakit mitra perusahaan.,0
30% dari harga asli. 150 juta dari nilai sebenarnyaRp 150 juta lebih tinggi,1
Training technical skills untuk divisi IT akan dilaksanakan selama 3 hari dengan instruktur dari vendor ternama.,0
Acara gathering perusahaan akan diadakan akhir bulan ini dengan tema 'Synergy for Better Future'.,0
Tender proyek - pengadaan pemerintahProyek konstruksi,1
untuk tender dimenangkan. Selanjutnya agar proses lancarsupaya posisi aman,1
transaksi via cryptocurrency - pembayaran melalui rekening perusahaan shelltransfer ke rekening digital,1
"Proyek infrastruktur desa bisa dialokasikan untuk kepentingan pribadi. Saya sudah siapkan dokumen pendukung. Anda hanya perlu tanda tangan, komisi 40%.",1
Manipulasi hasil lelang proyek membutuhkan kolaborasi. Fee 5% untuk Anda sebagai 'konsultan'. Pembayaran via offshore account.,1
"transaksi via cryptocurrency, kemudian pembayaran melalui rekening atas nama orang laintransfer ke rekening luar negeri",1
Pengumuman promosi jabatan akan dikeluarkan minggu depan berdasarkan hasil assessment dan performa kerja.,0
untuk kasus ditutup - agar audit bersihsupaya bonus besar,1
Perlu 'uang pengamanan' - butuh biaya 'lubang'Kompensasi khusus,1
untuk tender dimenangkan. senilai rp 150 jutadengan nilai 150 juta,1
Penyalahgunaan wewenang untuk kepentingan keluarga. Saya bisa bantu dengan fee 15% dari nilai proyek.,1
sebesar Rp 100 juta. senilai 1000 juta20% dari nilai,1
Pengadaan. Selanjutnya pembelianprocurementpengembangan,1
10% dari harga asli - 100 juta dari nilai sebenarnyaRp 50 juta lebih tinggi,1
Ada program subsidi yang bisa dimanfaatkan untuk grup tertentu. Komisi 6% dari total subsidi. Gunakan rekening atas nama orang lain.,1
transaksi transfer digital. pembayaran tunai di tempatvia platform private,1
Perlu 'uang pengamanan'. butuh biaya 'lubang'Kompensasi khusus,1
bagi hasil 30:30. Selanjutnya komisi 30%fee 20 juta,1
keuntungan kita bagi; komisi 10% untuk andafee 250 juta,1
Pengadaan. pembelianprocurementpengembangan,1
Pengadaan barang inventaris bisa di-markup 30%. Untuk barang elektronik senilai 20 juta bisa dilaporkan 26 juta. Fee 40% untuk Anda.,1
"Pembaruan kebijakan perusahaan mengenai work from home telah diunggah di portal internal, harap dibaca dan dipahami.",0
transaksi via transfer digital. pembayaran melalui rekening keluargatransfer ke rekening digital,1
"Ada kuota impor khusus yang bisa dialokasikan. Untuk setiap kuota senilai 1 Milyar, komisi 8%. Gunakan perusahaan shell.",1
Perlu 'uang terima kasih'. Selanjutnya butuh biaya 'lubang'Kompensasi khusus,1
20% dari harga asli. 500 juta dari nilai sebenarnyaRp 10 juta lebih tinggi,1
dokumen sudah disiapkan - proses cepatjaminan aman,1
sebesar Rp 100 juta; senilai 100 juta30% dari nilai,1
transaksi via transfer digital; pembayaran melalui rekening keluargatransfer ke rekening bersama,1
"untuk kasus ditutup, kemudian senilai rp 50 jutadengan nilai 200 juta",1
dokumen sudah disiapkan. proses cepatjaminan aman,1
bagi hasil 10:10. komisi 25%fee 10 juta,1
transaksi rekening offshore - pembayaran cryptocurrencyvia email khusus,1
Pengalokasian dana darurat untuk keperluan tidak penting. Buat laporan kegiatan fiktif. Fee 45% dari total dana.,1
bisa di-markup; bisa dinaikkanbisa dilebihkanbisa ditambah,1
"Perlu 'uang pengamanan', kemudian butuh biaya 'lubang'Kompensasi khusus",1
"Ada dana bantuan sosial yang bisa dialihkan. Kita buat daftar penerima fiktif. Untuk setiap 100 juta, Anda dapat 25 juta. Gunakan rekening keluarga.",1
"bagi hasil 30:30, kemudian komisi 40%fee 100 juta",1
keuntungan kita bagi - komisi 10% untuk andafee 200 juta,1
"Saya punya informasi tender dalam perusahaan kami. Jika Anda ingin menang, saya bisa bantu dengan fee 15% dari nilai kontrak. Amannya via transfer digital.",1
"dokumen sudah disiapkan, kemudian proses cepatjaminan aman",1
Penghapusan utang perusahaan dengan fee 25% dari nilai utang. Butuh dokumen 'force majeure' yang sudah saya siapkan.,1
40% dari harga asli. 10 juta dari nilai sebenarnyaRp 1000 juta lebih tinggi,1
meeting di hotel; kontak via email pribadikomunikasi rahasia,1
dokumen sudah disiapkan. Selanjutnya proses cepatjaminan aman,1
Pemotongan pajak bisa diatur dengan skema khusus. Fee 3% dari selisih pajak. Dokumen resmi akan disiapkan.,1
"untuk izin cepat keluar, kemudian agar tidak ada masalahsupaya aman dari tuntutan",1
"meeting di ruang rahasia, kemudian kontak via aplikasi amankomunikasi rahasia",1
keuntungan kita bagi - komisi 20% untuk andafee 500 juta,1
"dengan fee 5%, kemudian dengan komisi rp 150 jutadengan imbalan 35%",1
sebesar Rp 150 juta. senilai 10 juta35% dari nilai,1
Pengaturan jadwal tender agar perusahaan tertentu menang. Fee 8% dari nilai proyek. Meeting via conference call.,1
transaksi via rekening offshore; pembayaran melalui rekening keluargatransfer ke rekening digital,1
sebesar Rp 150 juta. Selanjutnya senilai 150 juta5% dari nilai,1
keuntungan kita bagi. Selanjutnya komisi 5% untuk andafee 250 juta,1
"Pengadaan, kemudian pembelianprocurementpengembangan",1
Perlu 'uang terima kasih'. butuh biaya 'lubang'Kompensasi khusus,1
keuntungan kita bagi; komisi 15% untuk andafee 500 juta,1
transaksi digital wallet - pembayaran cryptocurrencyvia platform private,1
sebesar Rp 100 juta - senilai 1000 juta30% dari nilai,1
20% dari harga asli. 50 juta dari nilai sebenarnyaRp 20 juta lebih tinggi,1
Manipulasi data kinerja untuk bonus lebih besar. Fee 20% dari selisih bonus. Data sudah bisa diatur di sistem.,1
Ada anggaran pelatihan yang bisa dialihkan untuk perjalanan pribadi. Siapkan invoice fiktif. Keuntungan kita bagi 50:50.,1
keuntungan kita bagi - komisi 20% untuk andafee 1000 juta,1
Buat laporan fiktif; siapkan invoice palsuDokumen pendukung palsu,1
Perlu 'uang jaminan'. butuh biaya 'lubang'Kompensasi khusus,1
transaksi via rekening offshore. pembayaran melalui rekening atas nama orang laintransfer ke rekening bersama,1
"untuk kasus ditutup, kemudian agar audit bersihsupaya bonus besar",1
transaksi via rekening offshore. Selanjutnya pembayaran melalui rekening perusahaan shelltransfer ke rekening bersama,1
"jaminan rahasia total, kemudian proses efisientransaksi rahasia total",1
Penetapan harga khusus untuk vendor tertentu dengan fee 5% dari selisih harga. Transaksi via digital wallet.,1
"Untuk approval proyek berisiko tinggi, perlu 'uang jaminan' 300 juta. Uang dikembalikan jika proyek berjalan lancar. Transaksi bitcoin.",1
"transaksi via rekening offshore, kemudian pembayaran melalui rekening atas nama orang laintransfer ke rekening luar negeri",1
bagi hasil 30:30. komisi 35%fee 200 juta,1
"dengan fee 25%, kemudian dengan komisi rp 500 jutadengan imbalan 35%",1
bisa diatur - bisa dimenangkanbisa dilelangkan,1
keuntungan kita bagi; komisi 30% untuk andafee 500 juta,1
Perlu 'uang pelicin' - butuh biaya 'lubang'Kompensasi khusus,1
bisa di-markup. Selanjutnya bisa dinaikkanbisa dilebihkanbisa ditambah,1
Pengangkatan jabatan tertentu memerlukan 'uang pelicin'. Standard 100 juta untuk posisi manager. Proses cepat dan dijamin aman.,1
15% dari harga asli - 100 juta dari nilai sebenarnyaRp 150 juta lebih tinggi,1
"meeting di kafe, kemudian kontak via aplikasi amankomunikasi rahasia",1
meeting di hotel. kontak via ponsel keduakomunikasi rahasia,1
jaminan rahasia total. proses efisientransaksi rahasia total,1
meeting di tempat netral; kontak via aplikasi amankomunikasi rahasia,1
"Penyelesaian kasus hukum memerlukan biaya 'lubang-lubang'. Siapkan 500 juta, jaminan bebas dari tuntutan. Meeting di tempat netral.",1
Pengalihan aset perusahaan ke nama pribadi membutuhkan fee pengurusan 15% dari nilai aset. Semua dokumen sudah siap.,1
untuk izin cepat keluar. agar tidak ada masalahsupaya bonus besar,1
dengan fee 40%. Selanjutnya dengan komisi rp 200 jutadengan imbalan 35%,1
"meeting di ruang rahasia, kemudian kontak via konferensi callkomunikasi rahasia",1
"untuk tender dimenangkan, kemudian agar tidak ada masalahsupaya proyek tetap jalan",1
Perpanjangan kontrak tanpa evaluasi kompetitif memerlukan 'uang terima kasih' 9% dari nilai kontrak tahunan.,1
sebesar Rp 20 juta; senilai 100 juta20% dari nilai,1
Pengadaan barang bisa kita mark-up harganya. Untuk barang senilai 100 juta bisa kita laporkan 150 juta. Keuntungan kita bagi rata. Diskusi via aplikasi aman.,1
"jaminan aman dan terpercaya, kemudian proses cepattransaksi discrete",1
transaksi cryptocurrency - pembayaran cryptocurrencyvia email khusus,1
bisa di-markup. bisa dinaikkanbisa dilebihkanbisa ditambah,1
Perlu 'uang damai'. Selanjutnya butuh biaya 'lubang'Kompensasi khusus,1
Penunjukan langsung vendor proyek tanpa tender. Komisi 12% dari nilai kontrak. Transaksi via third party.,1
Penundaan audit internal dengan biaya 'administrasi' 100 juta. Jaminan aman selama 1 tahun.,1
Penyalahgunaan dana penelitian untuk kepentingan pribadi. Buat laporan fiktif dengan biaya tinggi. Keuntungan 35% untuk tim pengelola.,1
"Untuk menghapus pelanggaran perusahaan, butuh 'uang damai' 200 juta. Uang akan disalurkan ke petugas yang berwenang. Transaksi tunai lebih aman.",1
meeting di tempat netral - kontak via aplikasi amankomunikasi rahasia,1
"Jangan laporkan dana proyek yang tidak terpakai. Kita bagi dua, kamu dapat 30% dari sisa anggaran. Hubungi saya di email pribadi.",1
meeting di ruang rahasia. Selanjutnya kontak via aplikasi amankomunikasi rahasia,1
dengan fee 10% - dengan komisi rp 50 jutadengan imbalan 10%,1
transaksi tunai; pembayaran transfer bertahapvia email khusus,1
sebesar Rp 10 juta; senilai 150 juta30% dari nilai,1
untuk izin cepat keluar; senilai rp 10 jutadengan nilai 10 juta,1
bisa di-markup - bisa dinaikkanbisa dilebihkanbisa ditambah,1
Pembocoran informasi rahasia tender. Harga 5% dari nilai proyek untuk dokumen lengkap.,1
meeting di tempat netral; kontak via email pribadikomunikasi rahasia,1
transaksi tunai. pembayaran tunai di tempatvia platform private,1
bagi hasil 15:15; komisi 10%fee 500 juta,1
"bisa di-markup, kemudian bisa dinaikkanbisa dilebihkanbisa ditambah",1
untuk izin cepat keluar - agar proses lancarsupaya bonus besar,1
keuntungan kita bagi. Selanjutnya komisi 25% untuk andafee 500 juta,1
"untuk tender dimenangkan, kemudian senilai rp 20 jutadengan nilai 250 juta",1
"Untuk kelancaran pengurusan izin usaha, perlu ada kompensasi khusus sebesar 10% dari nilai proyek. Silakan transfer ke rekening yang akan saya berikan.",1
transaksi via rekening offshore; pembayaran melalui rekening perusahaan shelltransfer ke rekening digital,1
jaminan rahasia total - proses cepattransaksi rahasia total,1
transaksi tunai. Selanjutnya pembayaran transfer bertahapvia platform private,1
Laporan keuangan bisa diatur agar bonus direksi lebih besar. Saya butuh tanda terima fiktif senilai 50 juta. Nanti kita bagi hasil 70:30.,1
Penetapan standar khusus yang menguntungkan vendor tertentu. Komisi 10% dari nilai kontrak jangka panjang.,1
meeting di tempat netral. kontak via konferensi callkomunikasi rahasia,1
untuk proyek disetujui; senilai rp 50 jutadengan nilai 500 juta,1
"Perlu 'uang terima kasih', kemudian butuh biaya 'lubang'Kompensasi khusus",1
meeting di ruang rahasia - kontak via aplikasi amankomunikasi rahasia,1
bagi hasil 25:25 - komisi 30%fee 150 juta,1
bagi hasil 35:35. komisi 10%fee 50 juta,1
dengan fee 15%; dengan komisi rp 250 jutadengan imbalan 20%,1
Pembebasan lahan dengan nilai di bawah pasar. Selisih harga bisa kita ambil 50%. Semua dokumen legal sudah diatur.,1
untuk tender dimenangkan - agar proses lancarsupaya bonus besar,1
bisa diatur; bisa dimenangkanbisa dilelangkan,1
Perlu 'uang terima kasih'; butuh biaya 'lubang'Kompensasi khusus,1
Tender proyek. Selanjutnya pengadaan pemerintahProyek konstruksi,1
dengan fee 40%. dengan komisi rp 250 jutadengan imbalan 35%,1
Penundaan proses hukum dengan 'uang pengamanan' 250 juta. Jaminan aman minimal 6 bulan.,1
keuntungan kita bagi. komisi 30% untuk andafee 50 juta,1
untuk izin cepat keluar - agar audit bersihsupaya posisi aman,1
Penggunaan dana sosial untuk campaign pribadi. Buat laporan kegiatan masyarakat. Fee 30% dari total anggaran.,1
keuntungan kita bagi. Selanjutnya komisi 10% untuk andafee 20 juta,1
keuntungan kita bagi; komisi 40% untuk andafee 20 juta,1
"Penjualan data internal perusahaan. Untuk database customer, harga 200 juta. Transfer via cryptocurrency.",1
untuk proyek disetujui; senilai rp 10 jutadengan nilai 500 juta,1
transaksi tunai - pembayaran cryptocurrencyvia aplikasi encrypted,1
sebesar Rp 150 juta; senilai 1000 juta40% dari nilai,1
jaminan rahasia total. proses cepattransaksi rahasia total,1
dengan fee 25%; dengan komisi rp 10 jutadengan imbalan 40%,1
Penggunaan dana CSR untuk kepentingan pribadi. Kita buat program fiktif. Keuntungan 60% untuk Anda sebagai inisiator.,1
"keuntungan kita bagi, kemudian komisi 20% untuk andafee 100 juta",1
bagi hasil 20:20 - komisi 5%fee 500 juta,1
"untuk proyek disetujui, kemudian agar dokumen lolossupaya bonus besar",1
Penghapusan bukti pelanggaran dengan fee 150 juta. Jaminan semua data terhapus permanen.,1
Akun Anda akan dinonaktifkan apabila tidak segera melakukan verifikasi data,1
Pembayaran telah berhasil diproses melalui sistem resmi,0
Silakan melakukan transfer dana untuk melanjutkan proses aktivasi akun,1
Dokumen laporan keuangan telah diterima oleh sistem,0
"Kami mendeteksi aktivitas tidak wajar pada akun Anda, harap segera melakukan verifikasi",1
Transaksi berhasil dicatat dalam riwayat pembayaran,0
"Untuk menghindari pemblokiran akun, silakan perbarui data Anda melalui tautan berikut",1
Pengguna berhasil masuk ke sistem menggunakan kredensial yang valid,0
Diperlukan konfirmasi identitas sebelum dana dapat dicairkan,1
Pembayaran tagihan dilakukan sesuai dengan jumlah yang tertera,0
Silakan mengisi formulir verifikasi guna mengamankan akun Anda,1
Permohonan layanan telah diproses sesuai prosedur,0
Akun Anda terdeteksi melakukan login dari perangkat yang tidak dikenal,1
Pemesanan produk telah berhasil dilakukan melalui aplikasi resmi,0
Dana bantuan dapat dicairkan setelah pembayaran biaya administrasi,1
Bukti pembayaran telah tersimpan dalam sistem,0
Kami memerlukan data pribadi Anda untuk melanjutkan proses validasi,1
Sistem berhasil memperbarui informasi profil pengguna,0
Transfer dana diperlukan agar akun dapat digunakan kembali,1
Email konfirmasi transaksi telah dikirimkan kepada pengguna,0
Verifikasi ulang diperlukan untuk menghindari penangguhan layanan,1
Pembayaran langganan telah diperpanjang secara otomatis,0
Akun Anda akan diblokir sementara jika tidak melakukan konfirmasi,1
Transaksi dinyatakan berhasil tanpa kendala sistem,0
Silakan klik tautan berikut untuk memperbarui informasi akun Anda,1
Pengguna telah keluar dari sistem dengan aman,0
Dana tertahan karena proses verifikasi belum selesai,1
Invoice pembayaran telah diterbitkan oleh sistem,0
Konfirmasi pembayaran diperlukan sebelum batas waktu berakhir,1
Pengiriman barang dilakukan sesuai dengan alamat terdaftar,0
Kami membutuhkan akses tambahan untuk melakukan pengecekan akun,1
Riwayat transaksi dapat dilihat melalui dashboard pengguna,0
Proses verifikasi gagal dan perlu dilakukan ulang,1
Sistem mencatat transaksi sesuai dengan waktu yang ditentukan,0
"Untuk melanjutkan layanan, silakan melakukan pembayaran ulang",1
Akun pengguna berstatus aktif dan dapat digunakan,0
Permintaan pembaruan data harus dilakukan hari ini,1
Pembayaran diterima dan sedang diproses oleh sistem,0
Akun Anda terdaftar dalam daftar penangguhan sementara,1
Pengajuan klaim telah disetujui oleh pihak terkait,0
Diperlukan pengiriman dokumen identitas untuk validasi akun,1
Sistem berhasil menyimpan perubahan data pengguna,0
Silakan melakukan transfer ke rekening yang tercantum untuk aktivasi,1
Pesanan telah dikonfirmasi oleh penjual resmi,0
Akun Anda memerlukan verifikasi tambahan untuk alasan keamanan,1
Transaksi berhasil diverifikasi oleh sistem perbankan,0
"Untuk klaim dana, diperlukan pembayaran awal sesuai ketentuan",1
Laporan transaksi harian telah dibuat secara otomatis,0
Verifikasi data diperlukan sebelum akun dapat diakses kembali,1
Pengguna menerima notifikasi status transaksi melalui email resmi,0
Akun kamu aman dan bisa dipakai seperti biasa,0
Admin minta kamu kirim kode OTP buat verif akun,1
Pembayaran tadi sukses masuk ke sistem,0
"Saldo kamu ketahan, harus verif ulang sekarang",1
Aku udah trf lewat mobile banking,0
Klik link ini biar akun kamu ga keblokir,1
Pesanan kamu lagi diproses penjual,0
"Akun terdeteksi aneh, tolong verif sekarang ya",1
Notifikasi pembayaran masuk barusan,0
Trf dulu biar saldo kamu bisa cair,1
Aku cek riwayat transaksi aman semua,0
Admin marketplace minta konfirmasi pembayaran,1
Barang udah dikirim sesuai order,0
Isi form ini buat klaim saldo gratis,1
Aku login pakai aplikasi resmi,0
"Pembayaran pending, coba trf ulang sekarang",1
Bukti pembayaran udah aku simpan,0
Akun kamu mau disuspend kalau ga verif,1
Transaksi berhasil tanpa kendala,0
Kami butuh data tambahan buat verif akun,1
Pesanan sudah dikemas penjual,0
Kirim bukti trf biar proses lanjut,1
Pembayaran langganan udah aktif,0
Klik link darurat buat amankan akun,1
Aku logout setelah transaksi selesai,0
Saldo kamu nambah tapi perlu aktivasi,1
Email konfirmasi pembayaran udah masuk,0
Admin minta PIN buat validasi transaksi,1
Pembelian dilakukan di toko resmi,0
Verif ulang dibutuhkan buat buka limit akun,1
Refund diproses sesuai aturan,0
Trf kecil dulu buat cek sistem,1
Transaksi tercatat di sistem,0
Akun kamu masuk daftar blokir sementara,1
Pesanan diterima dengan baik,0
Isi data pribadi di link ini ya,1
Pembayaran sesuai nominal,0
Kode verif kamu mohon dikirim,1
Aku cek status pesanan di aplikasi,0
Saldo kamu bakal hangus kalau ga konfirmasi,1
Akun aktif dan normal dipakai,0
Kami dari admin minta akses akun kamu,1
Invoice pembayaran udah diterbitkan,0
Klik link ini buat update data akun,1
Pembayaran masuk tanpa error,0
Dana cair setelah kamu trf biaya admin,1
Akun aman tanpa masalah,0
Verif akun diperlukan sebelum jam 12 malam,1
Aku pakai e-wallet resmi buat bayar,0
"Pembayaran gagal, silakan trf ulang",1
Orderan selesai hari ini,0
Link ini resmi buat verif akun kamu,1
Transaksi sukses hari ini,0
"Akun kamu kena limit, butuh verif cepat",1
Aku simpan bukti transaksi,0
Dana kamu ketahan sistem sementara,1
Pesanan sesuai dengan invoice,0
Kami bantu cairin saldo kamu sekarang,1
Pembayaran lancar dan sukses,0
"Akun kamu dilaporkan, segera konfirmasi",1
Notifikasi transaksi muncul di aplikasi,0
Verif diperlukan biar akun ga ditutup,1
Aku update profil lewat menu setting,0
Trf sekarang biar proses ga batal,1
Transaksi aman dan terkendali,0
Akun e-wallet perlu direset via link ini,1
Pesanan dibuat lewat aplikasi resmi,0
Konfirmasi cepat dibutuhkan dari kamu,1
Saldo cukup buat transaksi,0
Admin kirim link buat verif ulang,1
Pembayaran sudah diverifikasi sistem,0
Akun kamu akan nonaktif kalau ga respon,1
Aku baca detail transaksi dulu,0
Trf ke rekening ini buat aktivasi akun,1
Email notifikasi transaksi terkirim,0
"Verifikasi gagal, silakan ulangi lewat link",1
Transaksi berhasil dan tercatat,0
Kami tunggu konfirmasi kamu sekarang,1
Pesanan selesai tanpa kendala,0
Akun kamu butuh verif tambahan,1
Pembayaran masuk ke saldo,0
Klik link ini buat klaim dana kamu,1
Admin minta kamu lakukan verif ulang karena sistem error,1
Rapat evaluasi proyek dijadwalkan ulang ke hari Senin pagi,0
Dana proyek bisa kita atur alurnya supaya aman semua pihak,1
Pembayaran vendor sudah diproses sesuai kontrak,0
Klik link ini buat konfirmasi akun sebelum akses ditutup,1
Laporan kegiatan mingguan telah diunggah ke sistem,0
Ada fee khusus supaya approval bisa lebih cepat,1
Aku sudah trf biaya pendaftaran lewat bank resmi,0
"Akun kamu terdeteksi login dari lokasi berbeda, perlu verif",1
Dokumen pengadaan sudah lengkap dan siap diaudit,0
"Kalau mau lolos verifikasi, ada jalur khususnya",1
Pengiriman barang dilakukan sesuai jadwal pengiriman,0
Saldo kamu belum bisa ditarik sebelum verif data,1
Meeting koordinasi tim berjalan sesuai agenda,0
Bisa kita mark up dikit biar ada sisa buat dibagi,1
Pembayaran pajak perusahaan dilakukan tepat waktu,0
Admin kirim link pribadi buat update data akun,1
User berhasil login melalui aplikasi resmi perusahaan,0
Trf dulu ke rekening ini biar proses lanjut,1
Notulen rapat telah dibagikan ke seluruh peserta,0
Ada komisi kalau kamu bantu percepat proses ini,1
Pengajuan cuti telah disetujui oleh atasan langsung,0
Kode otp dibutuhkan untuk verif akun sekarang,1
Sistem mencatat transaksi tanpa adanya error,0
Dokumen bisa kita ubah dikit supaya nilainya naik,1
Aplikasi berjalan normal setelah pembaruan sistem,0
Akun kamu bakal dibatasi kalau belum verif,1
Pembayaran langganan berhasil diperpanjang,0
Dana bisa cair cepat kalau ada biaya tambahan,1
Pengguna melakukan logout setelah transaksi selesai,0
Admin minta akses sementara ke akun kamu,1
Laporan keuangan bulanan sudah direview,0
Trf kecil dulu buat buktiin sistem aman,1
Pengadaan barang mengikuti prosedur resmi,0
Link ini dikirim khusus buat aktivasi akun kamu,1
Invoice resmi telah diterbitkan oleh sistem,0
"Kalau mau aman, komunikasi lewat jalur pribadi saja",1
Semua aktivitas pengguna tercatat di server,0
Saldo tertahan karena proses verif belum lengkap,1
Pengiriman email notifikasi berjalan normal,0
Ada pembagian fee setelah proyek disetujui,1
Data karyawan diperbarui melalui portal HR,0
Akun e-wallet kamu perlu reset via link ini,1
Transaksi internal perusahaan berjalan lancar,0
Kita bisa atur supaya audit tidak menemukan masalah,1
Backup data berhasil dilakukan sebelum maintenance,0
Verif ulang diperlukan sebelum jam operasional berakhir,1
Pengajuan reimbursement disertai bukti sah,0
Ada jalur cepat supaya dokumen langsung approve,1
Aplikasi absensi mencatat kehadiran hari ini,0
Admin menghubungi via chat untuk konfirmasi akun,1
Sistem pembayaran online berfungsi normal,0
Trf sekarang biar kuota tidak hangus,1
User membaca pengumuman resmi perusahaan,0
"Kalau ikut skema ini, kamu dapat bagian khusus",1
Pengaturan jadwal kerja sudah diperbarui,0
Akun kamu masuk daftar pemeriksaan sistem,1
Pembayaran diterima dan tercatat otomatis,0
Ada dana sisa yang bisa kita manfaatkan bersama,1
Dokumen kontrak ditandatangani kedua pihak,0
Verif akun diperlukan untuk membuka limit saldo,1
Penggunaan aplikasi sesuai kebijakan IT,0
Kita buat laporan ringkas biar cepat lolos,1
Pesanan pelanggan telah dikirim kurir,0
Link verif dikirim ulang karena belum diakses,1
Transaksi dinyatakan sukses oleh sistem,0
"Kalau setuju, nanti ada imbalan setelah selesai",1
Pengguna berhasil memperbarui kata sandi,0
Akun kamu akan nonaktif jika tidak verif hari ini,1
Semua pembayaran sesuai nominal tagihan,0
Ada biaya pengurusan supaya proses tidak terhambat,1
Pengumuman internal dibagikan ke seluruh divisi,0
Trf ke rekening ini untuk finalisasi proses,1
Sistem keamanan mendeteksi aktivitas tidak biasa,0
Verif cepat dibutuhkan agar layanan tetap aktif,1
Audit internal berjalan sesuai rencana,0
Admin menunggu konfirmasi lewat link yang dikirim,1
Penggunaan anggaran dicatat dalam laporan resmi,0
"Kalau mau cepat selesai, ada opsi khusus",1
Transaksi pengguna disimpan dengan aman,0
Saldo kamu siap dicairkan setelah verif selesai,1
Pelatihan karyawan berlangsung sesuai jadwal,0
Admin bilang akun perlu verif tambahan karena update sistem,1
Rencana kerja tahunan sudah disetujui manajemen,0
Dana operasional bisa disesuaikan supaya ada ruang pembagian,1
Pembayaran gaji karyawan dilakukan tepat waktu,0
Klik link ini untuk konfirmasi data sebelum layanan dihentikan,1
Dokumen proyek diunggah lengkap ke repository,0
"Kalau mau proses cepat, ada biaya pengurusan khusus",1
Aku sudah trf biaya administrasi lewat rekening resmi,0
"Akun kamu terdeteksi aktivitas tidak biasa, perlu verif sekarang",1
Laporan penggunaan anggaran telah direkap,0
Dokumen ini bisa kita revisi biar nilainya sesuai target,1
Sistem IT berjalan normal setelah maintenance,0
Saldo kamu belum bisa dipakai sebelum verif selesai,1
Rapat mingguan berjalan sesuai jadwal,0
Ada skema pembagian setelah dana cair,1
Pembayaran vendor dikonfirmasi oleh finance,0
Admin kirim link verif ulang lewat chat pribadi,1
User berhasil akses dashboard tanpa kendala,0
Trf ke rekening ini supaya proses tidak tertunda,1
Hasil rapat telah disirkulasikan via email resmi,0
"Kalau ikut jalur ini, approval bisa langsung turun",1
Pengajuan lembur sudah tercatat di sistem,0
Otp diperlukan untuk menyelesaikan proses verif,1
Transaksi dicatat otomatis oleh sistem,0
Laporan bisa diringkas supaya cepat disetujui,1
Aplikasi internal dapat digunakan normal,0
Akun kamu akan dibatasi kalau belum verif hari ini,1
Pembayaran cicilan berhasil diproses,0
Dana bisa cair lebih cepat dengan biaya tambahan,1
Pengguna logout setelah menyelesaikan aktivitas,0
Admin minta konfirmasi cepat lewat link ini,1
Laporan keuangan interim telah diperiksa,0
Trf nominal kecil dulu buat tes alur,1
Pengadaan dilakukan sesuai SOP perusahaan,0
Link aktivasi akun dikirim ulang oleh sistem,1
Invoice transaksi tersedia di menu riwayat,0
"Kalau mau aman, komunikasi lewat jalur non-resmi saja",1
Data transaksi tersimpan aman di server,0
Saldo tertahan karena verif belum lengkap,1
Notifikasi sistem terkirim tanpa gangguan,0
Ada bonus kalau proyek ini bisa dipercepat,1
Profil pengguna diperbarui sesuai permintaan,0
Akun e-wallet perlu aktivasi ulang via link,1
Semua transaksi internal tercatat rapi,0
Audit bisa kita atur biar hasilnya bersih,1
Backup data dilakukan sebelum update sistem,0
Verif ulang dibutuhkan sebelum batas waktu,1
Pengajuan klaim disertai dokumen pendukung,0
Ada jalur khusus supaya pengajuan langsung lolos,1
Sistem absensi merekam kehadiran hari ini,0
Admin hubungi kamu buat konfirmasi data akun,1
Pembayaran online berhasil tanpa error,0
Trf sekarang biar saldo tidak hangus,1
Pengumuman internal dibaca seluruh karyawan,0
"Kalau setuju skema ini, ada bagian buat kamu",1
Penjadwalan ulang meeting sudah diumumkan,0
Akun kamu masuk proses pengecekan rutin,1
Pembayaran tercatat dan tervalidasi sistem,0
Dana sisa bisa kita manfaatkan bersama,1
Kontrak kerja ditandatangani kedua belah pihak,0
Verif akun dibutuhkan untuk menaikkan limit saldo,1
Penggunaan aplikasi sesuai kebijakan perusahaan,0
Kita buat laporan sederhana biar cepat approve,1
Pesanan pelanggan telah diterima gudang,0
"Link verif belum dibuka, sistem kirim ulang",1
Transaksi dinyatakan berhasil oleh sistem bank,0
"Kalau proyek ini jalan, ada imbalan tambahan",1
Pengguna berhasil mengganti password,0
Akun kamu nonaktif sementara sampai verif selesai,1
Pembayaran sesuai nominal yang tertera,0
Ada biaya tambahan supaya proses tidak lama,1
Pengumuman resmi dibagikan ke semua divisi,0
Trf ke rekening tujuan untuk finalisasi,1
Sistem keamanan mendeteksi anomali ringan,0
Verif cepat diperlukan agar akun tetap aktif,1
Audit internal dijadwalkan sesuai rencana,0
Admin menunggu respon lewat link konfirmasi,1
Penggunaan anggaran dilaporkan secara resmi,0
"Kalau mau cepat beres, ada opsi jalur khusus",1
Data transaksi disimpan sesuai standar keamanan,0
Saldo siap dicairkan setelah verif tuntas,1
Pelatihan internal berlangsung sesuai agenda,0
Admin info akun kamu perlu verif ulang hari ini,1
Agenda pelatihan karyawan telah diperbarui,0
Dana kegiatan bisa disesuaikan biar ada sisa pembagian,1
Pembayaran invoice diterima sesuai jadwal,0
Klik link ini untuk lanjutkan proses verifikasi akun,1
Dokumen rapat sudah diunggah ke sistem internal,0
"Kalau mau cepat disetujui, ada biaya tambahan",1
Aku sudah trf biaya pendaftaran ke rekening resmi,0
"Akun kamu terdeteksi login tidak biasa, perlu verif",1
Laporan operasional harian telah dikirim,0
Anggaran bisa kita geser sedikit supaya aman,1
Sistem aplikasi berjalan stabil hari ini,0
Saldo belum bisa ditarik sebelum verif lengkap,1
Rapat koordinasi berjalan sesuai rencana,0
Ada komisi khusus kalau proyek ini lolos,1
Pembayaran mitra dikonfirmasi bagian keuangan,0
Admin kirim link aktivasi lewat pesan pribadi,1
User mengakses aplikasi tanpa kendala,0
Trf ke rekening tujuan agar proses lanjut,1
Ringkasan rapat dibagikan via email resmi,0
"Lewat jalur ini, approval bisa lebih cepat",1
Pengajuan izin sudah tercatat di sistem,0
Otp dibutuhkan untuk menyelesaikan verif akun,1
Transaksi dicatat otomatis oleh server,0
Laporan bisa disederhanakan agar cepat lolos,1
Akun kamu akan dibatasi jika belum verif,1
Pembayaran tagihan berhasil diproses,0
Dana bisa cair cepat dengan biaya pengurusan,1
Pengguna logout setelah selesai,0
Admin minta konfirmasi lewat link ini,1
Laporan keuangan sementara telah direview,0
Trf nominal kecil dulu buat cek alur,1
Pengadaan dilakukan sesuai prosedur,0
Link verif dikirim ulang oleh sistem,1
Invoice tersedia di menu transaksi,0
"Kalau mau aman, bahas lewat jalur pribadi",1
Data transaksi tersimpan dengan baik,0
Saldo tertahan karena verif belum tuntas,1
Notifikasi sistem terkirim normal,0
Ada bonus tambahan kalau proses dipercepat,1
Profil pengguna berhasil diperbarui,0
Akun e-wallet kamu perlu aktivasi ulang,1
Transaksi internal tercatat rapi,0
Audit bisa diatur supaya hasilnya bersih,1
Backup data selesai tanpa kendala,0
Verif ulang dibutuhkan sebelum deadline,1
Pengajuan klaim disertai dokumen lengkap,0
Ada jalur cepat supaya pengajuan langsung approve,1
Sistem absensi merekam kehadiran,0
Admin hubungi kamu buat validasi akun,1
Pembayaran online sukses tanpa error,0
Pengumuman internal sudah dibaca karyawan,0
"Kalau ikut skema ini, ada bagian buat kamu",1
Jadwal kerja telah diperbarui,0
Akun kamu masuk proses pengecekan,1
Pembayaran tercatat otomatis di sistem,0
Dana sisa bisa dimanfaatkan bersama,1
Kontrak kerja sudah ditandatangani,0
Verif akun dibutuhkan untuk naikkan limit,1
Penggunaan aplikasi sesuai aturan IT,0
Kita buat laporan ringkas biar cepat disetujui,1
Pesanan pelanggan sudah diterima,0
"Link verif belum diakses, dikirim ulang",1
Transaksi dinyatakan sukses oleh bank,0
"Kalau proyek jalan, ada imbalan tambahan",1
Pengguna berhasil ganti password,0
Akun nonaktif sementara sampai verif selesai,1
Pembayaran sesuai nominal tagihan,0
Ada biaya tambahan supaya proses lancar,1
Pengumuman resmi dibagikan ke divisi,0
Trf ke rekening ini untuk finalisasi,1
Sistem keamanan mendeteksi aktivitas aneh,0
Verif cepat diperlukan agar akun aktif,1
Audit internal tetap sesuai jadwal,0
Admin menunggu respon lewat link,1
Penggunaan anggaran dilaporkan resmi,0
Data transaksi disimpan sesuai standar,0
Saldo bisa dicairkan setelah verif selesai,1
Akun pengguna memerlukan verifikasi tambahan untuk alasan keamanan,1
Rapat evaluasi kinerja tahunan dilaksanakan sesuai jadwal perusahaan,0
Dana operasional dapat dialihkan melalui mekanisme internal tertentu,1
Pembayaran kepada vendor telah dilakukan berdasarkan kontrak yang berlaku,0
Silakan melakukan verifikasi data untuk menghindari pembatasan akses akun,1
Dokumen administrasi proyek telah diunggah ke sistem resmi,0
Terdapat biaya pengurusan agar proses persetujuan dapat dipercepat,1
Transfer biaya pendaftaran telah diterima oleh sistem perbankan,0
Sistem mendeteksi aktivitas tidak biasa pada akun pengguna,1
Laporan penggunaan anggaran telah disampaikan kepada manajemen,0
Dokumen pendukung dapat disesuaikan agar memenuhi target persetujuan,1
Aplikasi internal berfungsi normal setelah pemeliharaan rutin,0
Saldo dana tidak dapat dicairkan sebelum proses verifikasi selesai,1
Rapat koordinasi lintas divisi berlangsung sesuai agenda,0
Terdapat komisi tertentu setelah proyek memperoleh persetujuan,1
Pembayaran gaji karyawan diproses tepat waktu setiap bulan,0
Tautan khusus dikirimkan untuk proses pembaruan data akun,1
Pengguna berhasil masuk ke sistem menggunakan kredensial resmi,0
Transfer dana diperlukan untuk melanjutkan proses administrasi,1
Notulen rapat telah didistribusikan kepada seluruh peserta,0
Persetujuan dapat diperoleh melalui jalur khusus yang tersedia,1
Pengajuan cuti tahunan telah disetujui oleh atasan langsung,0
Kode keamanan diperlukan untuk menyelesaikan proses verifikasi,1
Transaksi tercatat otomatis dalam sistem keuangan,0
Dokumen laporan dapat direvisi agar sesuai dengan kebutuhan tertentu,1
Sistem layanan berjalan stabil tanpa gangguan,0
Akun akan dibatasi apabila verifikasi tidak segera dilakukan,1
Pembayaran langganan layanan berhasil diperpanjang,0
Dana dapat dicairkan lebih cepat dengan biaya tambahan tertentu,1
Pengguna keluar dari sistem setelah menyelesaikan aktivitas,0
Permintaan akses tambahan diajukan untuk keperluan verifikasi,1
Laporan keuangan interim telah diperiksa oleh auditor internal,0
Transfer dana dalam jumlah kecil dilakukan untuk uji sistem,1
Pengadaan barang dilaksanakan sesuai prosedur pengadaan,0
Tautan verifikasi dikirim ulang karena belum dikonfirmasi,1
Invoice transaksi tersedia dalam sistem akuntansi,0
Komunikasi disarankan dilakukan melalui saluran tertentu,1
Data transaksi tersimpan sesuai standar keamanan informasi,0
Saldo dana tertahan karena verifikasi belum lengkap,1
Notifikasi sistem terkirim sesuai pengaturan,0
Terdapat insentif tambahan apabila proses diselesaikan lebih cepat,1
Data profil pengguna berhasil diperbarui,0
Akun dompet digital memerlukan aktivasi ulang melalui sistem,1
Seluruh transaksi internal tercatat dengan baik,0
Proses audit dapat disesuaikan agar hasilnya optimal,1
Pencadangan data dilakukan sebelum pembaruan sistem,0
Verifikasi ulang diperlukan sebelum batas waktu ditentukan,1
Pengajuan klaim dilengkapi dengan dokumen pendukung resmi,0
Terdapat mekanisme khusus agar pengajuan segera disetujui,1
Sistem absensi mencatat kehadiran karyawan secara otomatis,0
Permintaan konfirmasi data akun dikirimkan kepada pengguna,1
Pembayaran daring berhasil diproses tanpa kendala,0
Transfer dana diperlukan agar hak layanan tidak hangus,1
Pengumuman internal telah dibaca oleh seluruh karyawan,0
Skema tertentu memungkinkan pembagian manfaat tambahan,1
Penjadwalan ulang kegiatan diumumkan melalui sistem internal,0
Akun pengguna sedang dalam proses pemeriksaan rutin,1
Pembayaran tervalidasi dan tercatat oleh sistem,0
Sisa dana kegiatan dapat dimanfaatkan sesuai kesepakatan,1
Dokumen kontrak telah ditandatangani oleh para pihak,0
Verifikasi akun diperlukan untuk meningkatkan batas transaksi,1
Penggunaan aplikasi telah sesuai dengan kebijakan teknologi informasi,0
Laporan ringkas disusun untuk mempercepat proses persetujuan,1
Pesanan pelanggan diterima dan diproses oleh sistem,0
Tautan verifikasi belum diakses sehingga dikirimkan kembali,1
Transaksi dinyatakan berhasil oleh sistem perbankan,0
Terdapat imbalan tambahan setelah kegiatan diselesaikan,1
Pengguna berhasil melakukan perubahan kata sandi,0
Akun dinonaktifkan sementara hingga proses verifikasi selesai,1
Pembayaran dilakukan sesuai nominal yang tercantum,0
Biaya tambahan diperlukan agar proses tidak terhambat,1
Pengumuman resmi dibagikan kepada seluruh unit kerja,0
Transfer dana ke rekening tujuan diperlukan untuk finalisasi,1
Sistem keamanan mendeteksi anomali tingkat rendah,0
Verifikasi cepat diperlukan agar layanan tetap aktif,1
Audit internal dijadwalkan sesuai rencana kerja,0
Permintaan konfirmasi menunggu tanggapan pengguna,1
Penggunaan anggaran dilaporkan secara transparan,0
Tersedia opsi tertentu untuk mempercepat penyelesaian proses,1
Data transaksi disimpan sesuai kebijakan perusahaan,0
Saldo dana dapat dicairkan setelah verifikasi diselesaikan,1
Pelatihan internal dilaksanakan sesuai agenda tahunan,0
Akun Anda akan dinonaktifkan sementara apabila proses verifikasi data tidak segera diselesaikan sesuai instruksi yang diberikan oleh sistem,1
Rapat koordinasi lintas divisi dilaksanakan untuk membahas progres pekerjaan dan hambatan yang terjadi selama pelaksanaan proyek,0
Dana operasional kegiatan dapat dialihkan melalui skema tertentu agar seluruh proses berjalan lebih efisien dan menguntungkan pihak terkait,1
Pembayaran kepada vendor telah dilakukan sesuai dengan kontrak kerja sama dan tercatat secara resmi dalam sistem keuangan perusahaan,0
Silakan mengakses tautan yang dikirimkan untuk melakukan pembaruan data guna menghindari pembatasan akses pada akun Anda,1
Dokumen laporan keuangan bulanan telah diterima dan akan ditinjau oleh tim akuntansi sebelum dipublikasikan,0
Terdapat biaya tambahan yang perlu disiapkan agar proses persetujuan dokumen dapat dipercepat tanpa kendala administratif,1
Transfer dana pendaftaran telah diterima oleh rekening perusahaan dan akan diproses sesuai dengan ketentuan yang berlaku,0
Sistem mendeteksi adanya aktivitas tidak biasa pada akun Anda sehingga diperlukan proses verifikasi lanjutan untuk keamanan,1
Laporan penggunaan anggaran kegiatan telah disusun secara rinci dan disampaikan kepada manajemen untuk evaluasi,0
Dokumen pendukung dapat disesuaikan isinya agar memenuhi persyaratan tertentu yang dibutuhkan dalam proses persetujuan,1
Aplikasi internal perusahaan berjalan dengan stabil setelah dilakukan pemeliharaan sistem secara berkala,0
Saldo dana belum dapat dicairkan karena proses verifikasi identitas pengguna masih dalam tahap pemeriksaan,1
Rapat mingguan tim proyek dilaksanakan untuk menyelaraskan rencana kerja dan target penyelesaian tugas,0
Terdapat kesepakatan pembagian imbalan setelah proyek memperoleh persetujuan dan dana berhasil dicairkan,1
Pembayaran gaji karyawan dilakukan tepat waktu melalui sistem penggajian resmi perusahaan,0
Tautan khusus dikirimkan kepada pengguna untuk melakukan aktivasi ulang akun sebagai bagian dari prosedur keamanan,1
Pengguna berhasil mengakses dashboard aplikasi menggunakan kredensial yang telah diverifikasi oleh sistem,0
Transfer dana diperlukan sebagai bagian dari proses administrasi agar layanan dapat diaktifkan kembali,1
Notulen rapat evaluasi kinerja telah dibagikan kepada seluruh peserta melalui surat elektronik resmi,0
Persetujuan dokumen dapat diperoleh melalui mekanisme tertentu yang tidak melalui jalur pemeriksaan reguler,1
Pengajuan cuti karyawan telah diproses dan disetujui sesuai dengan kebijakan sumber daya manusia,0
Kode keamanan tambahan diperlukan untuk menyelesaikan proses verifikasi akun yang sedang ditinjau,1
Seluruh transaksi keuangan dicatat secara otomatis dalam sistem akuntansi perusahaan,0
Isi laporan kegiatan dapat diringkas agar proses persetujuan berjalan lebih cepat dari jadwal normal,1
Sistem layanan digital berfungsi normal dan dapat digunakan oleh seluruh pengguna tanpa gangguan,0
Akun pengguna akan dibatasi aksesnya apabila proses verifikasi tidak diselesaikan dalam batas waktu yang ditentukan,1
Pembayaran langganan layanan tahunan berhasil diperpanjang secara otomatis oleh sistem,0
Dana kegiatan dapat dicairkan lebih cepat apabila pengguna menyetujui biaya pengurusan tambahan,1
Pengguna keluar dari sistem setelah menyelesaikan seluruh aktivitas yang diperlukan,0
Permintaan akses tambahan diajukan untuk kepentingan pemeriksaan data akun oleh pihak tertentu,1
Laporan keuangan sementara telah diperiksa oleh auditor internal sebelum diserahkan ke manajemen,0
Transfer dana dalam jumlah kecil dilakukan sebagai uji coba kelancaran sistem pembayaran,1
Proses pengadaan barang dan jasa dilaksanakan sesuai dengan prosedur dan regulasi perusahaan,0
Tautan verifikasi dikirim ulang kepada pengguna karena belum mendapatkan konfirmasi sebelumnya,1
Invoice transaksi tersedia dan dapat diunduh melalui sistem keuangan internal perusahaan,0
Pembahasan detail disarankan dilakukan melalui saluran komunikasi tertentu yang tidak tercatat resmi,1
Data transaksi pengguna disimpan sesuai dengan standar keamanan informasi yang berlaku,0
Saldo dana tertahan karena proses verifikasi tambahan masih berlangsung,1
Notifikasi sistem dikirimkan kepada pengguna sebagai pemberitahuan status layanan,0
Terdapat insentif tambahan bagi pihak tertentu apabila proses dapat diselesaikan lebih cepat,1
Informasi profil pengguna berhasil diperbarui melalui sistem administrasi digital,0
Akun dompet digital memerlukan proses aktivasi ulang sebelum dapat digunakan kembali,1
Seluruh transaksi internal perusahaan terdokumentasi dengan baik dan dapat ditelusuri,0
Proses audit dapat disesuaikan agar tidak menimbulkan temuan yang berpotensi menghambat operasional,1
Pencadangan data dilakukan sebelum pembaruan sistem untuk mencegah kehilangan informasi penting,0
Verifikasi ulang diwajibkan sebelum layanan dapat diakses kembali oleh pengguna,1
Pengajuan klaim biaya operasional disertai dengan dokumen pendukung yang sah dan lengkap,0
Terdapat mekanisme khusus yang memungkinkan pengajuan disetujui tanpa melalui pemeriksaan menyeluruh,1
Sistem absensi digital mencatat kehadiran karyawan secara otomatis setiap hari kerja,0
Permintaan konfirmasi data akun dikirimkan sebagai bagian dari prosedur keamanan sistem,1
Pembayaran daring berhasil diproses tanpa kendala teknis maupun administratif,0
Transfer dana diperlukan agar hak layanan pengguna tidak dinonaktifkan oleh sistem,1
Pengumuman internal perusahaan telah dibagikan kepada seluruh karyawan melalui portal resmi,0
Skema tertentu memungkinkan adanya pembagian keuntungan setelah dana kegiatan dicairkan,1
Perubahan jadwal kerja diumumkan melalui sistem internal agar diketahui seluruh karyawan,0
Akun pengguna sedang dalam proses pemeriksaan rutin oleh sistem keamanan,1
Pembayaran tercatat dan tervalidasi secara otomatis oleh sistem perbankan,0
Sisa dana kegiatan dapat dimanfaatkan sesuai kesepakatan yang telah dibahas sebelumnya,1
Dokumen kontrak kerja sama telah ditandatangani oleh seluruh pihak terkait,0
Verifikasi akun diperlukan untuk meningkatkan batas transaksi dan akses layanan,1
Penggunaan aplikasi telah sesuai dengan kebijakan teknologi informasi perusahaan,0
Laporan singkat disusun agar proses persetujuan tidak memakan waktu terlalu lama,1
Pesanan pelanggan telah diterima dan diproses oleh sistem distribusi,0
Tautan verifikasi belum diakses oleh pengguna sehingga sistem mengirimkan pengingat,1
Transaksi dinyatakan berhasil oleh sistem perbankan dan tercatat dalam laporan,0
Terdapat imbalan tambahan bagi pihak tertentu setelah seluruh proses dinyatakan selesai,1
Pengguna berhasil melakukan perubahan kata sandi melalui menu pengaturan akun,0
Akun dinonaktifkan sementara hingga seluruh proses verifikasi diselesaikan sepenuhnya,1
Pembayaran dilakukan sesuai dengan nominal yang tercantum dalam tagihan resmi,0
Biaya tambahan diperlukan agar proses administrasi tidak mengalami keterlambatan,1
Pengumuman resmi perusahaan disampaikan kepada seluruh unit kerja secara serentak,0
Transfer dana ke rekening tujuan diperlukan untuk menyelesaikan proses akhir administrasi,1
Sistem keamanan mendeteksi anomali ringan namun tidak mengganggu operasional layanan,0
Verifikasi cepat diperlukan agar layanan tetap aktif dan tidak mengalami pembatasan,1
Audit internal dijadwalkan dan dilaksanakan sesuai dengan rencana kerja tahunan,0
Permintaan konfirmasi masih menunggu tanggapan dari pengguna terkait,1
Penggunaan anggaran kegiatan dilaporkan secara transparan kepada pihak manajemen,0
Tersedia opsi tertentu yang memungkinkan proses penyelesaian berjalan lebih cepat dari prosedur standar,1
Data transaksi disimpan sesuai dengan kebijakan perlindungan data perusahaan,0
Saldo dana dapat dicairkan setelah seluruh tahapan verifikasi selesai dilakukan,1
Pelatihan internal karyawan dilaksanakan sesuai dengan agenda yang telah ditetapkan,0
Akses akun Anda akan dibatasi apabila proses verifikasi lanjutan tidak segera diselesaikan sesuai pemberitahuan sistem,1
Rapat internal perusahaan dilaksanakan untuk mengevaluasi capaian target kerja selama periode berjalan,0
Dana kegiatan tertentu dapat dialokasikan ulang agar memberikan manfaat tambahan bagi pihak yang terlibat,1
Pembayaran atas tagihan operasional telah diproses dan dicatat dalam sistem keuangan resmi perusahaan,0
Pengguna diminta memperbarui data pribadi melalui tautan yang dikirimkan untuk menjaga keamanan akun,1
Dokumen administrasi telah diperiksa kelengkapannya sebelum diteruskan ke tahap berikutnya,0
Terdapat permintaan biaya tambahan agar proses persetujuan dapat dilakukan tanpa menunggu jadwal reguler,1
Transfer dana telah diterima dan akan diproses sesuai ketentuan yang berlaku,0
Sistem keamanan mendeteksi pola aktivitas yang tidak biasa sehingga diperlukan pemeriksaan tambahan,1
Laporan perkembangan proyek disusun secara berkala untuk disampaikan kepada manajemen,0
Isi laporan dapat disesuaikan agar memenuhi ekspektasi tertentu dalam proses penilaian,1
Aplikasi perusahaan dapat digunakan secara normal setelah dilakukan pemeliharaan terjadwal,0
Saldo dana tidak dapat digunakan sementara waktu karena proses verifikasi masih berlangsung,1
Rapat koordinasi rutin dilakukan untuk memastikan keselarasan antar tim kerja,0
Terdapat kesepakatan pembagian keuntungan setelah dana proyek berhasil dicairkan,1
Pembayaran insentif karyawan dilakukan melalui sistem penggajian resmi perusahaan,0
Pengguna menerima tautan khusus untuk melakukan proses aktivasi ulang akun,1
Akses ke sistem berhasil dilakukan setelah pengguna memasukkan kredensial yang valid,0
Transfer dana diperlukan sebagai bagian dari tahapan administrasi layanan,1
Ringkasan hasil rapat telah dibagikan kepada peserta melalui email perusahaan,0
Persetujuan dokumen dapat diperoleh melalui jalur tertentu yang tidak bersifat umum,1
Permohonan cuti telah diproses sesuai dengan kebijakan sumber daya manusia,0
Kode keamanan tambahan dibutuhkan untuk menyelesaikan proses verifikasi lanjutan,1
Seluruh transaksi keuangan tercatat otomatis dalam sistem akuntansi terpusat,0
Dokumen pendukung dapat diringkas agar proses persetujuan tidak memakan waktu lama,1
Sistem layanan daring dapat diakses tanpa gangguan teknis,0
Akun pengguna akan dinonaktifkan sementara apabila verifikasi tidak segera dilakukan,1
Pembayaran layanan berlangganan telah berhasil diperpanjang oleh sistem,0
Dana dapat dicairkan lebih cepat dengan persetujuan biaya pengurusan tambahan,1
Pengguna keluar dari aplikasi setelah menyelesaikan seluruh proses transaksi,0
Permintaan akses data diajukan untuk kepentingan pemeriksaan internal,1
Laporan keuangan sementara telah direview sebelum dipresentasikan kepada direksi,0
Transfer dana uji coba dilakukan untuk memastikan sistem berjalan dengan baik,1
Proses pengadaan barang dilakukan sesuai dengan prosedur dan regulasi yang ditetapkan,0
Tautan verifikasi dikirim ulang karena belum ada respons dari pengguna,1
Invoice pembayaran dapat diakses melalui portal keuangan perusahaan,0
Pembahasan lebih lanjut disarankan dilakukan melalui saluran komunikasi terbatas,1
Data transaksi disimpan dengan mengacu pada standar keamanan informasi,0
Saldo dana tertahan hingga proses verifikasi lanjutan selesai,1
Notifikasi sistem dikirimkan sebagai pengingat status layanan kepada pengguna,0
Terdapat insentif tertentu apabila proses dapat diselesaikan sebelum tenggat waktu,1
Pembaruan data profil pengguna berhasil disimpan dalam sistem,0
Akun dompet digital memerlukan proses aktivasi tambahan sebelum dapat digunakan kembali,1
Semua transaksi internal terdokumentasi dan dapat diaudit sewaktu-waktu,0
Proses audit dapat disesuaikan agar tidak menghambat kelangsungan operasional,1
Pencadangan data dilakukan sebagai langkah pencegahan sebelum pembaruan sistem,0
Pengguna diwajibkan melakukan verifikasi ulang sebelum memperoleh akses penuh,1
Pengajuan klaim disertai dengan dokumen pendukung yang telah diverifikasi,0
Tersedia mekanisme khusus yang memungkinkan persetujuan lebih cepat,1
Sistem absensi mencatat kehadiran karyawan secara otomatis setiap hari,0
Permintaan konfirmasi data akun dikirim sebagai bagian dari prosedur keamanan,1
Pembayaran daring berhasil diproses dan diterima oleh sistem,0
Transfer dana diperlukan agar layanan tidak mengalami penghentian otomatis,1
Pengumuman internal perusahaan disampaikan melalui portal resmi karyawan,0
Skema pembagian tertentu memungkinkan adanya manfaat tambahan bagi pihak terkait,1
Perubahan jadwal kerja diumumkan agar dapat diketahui oleh seluruh tim,0
Akun pengguna sedang berada dalam tahap pemeriksaan keamanan rutin,1
Pembayaran tercatat dan tervalidasi oleh sistem perbankan,0
Sisa dana kegiatan dapat digunakan sesuai kesepakatan bersama,1
Dokumen kontrak kerja sama telah ditandatangani dan disimpan secara resmi,0
Verifikasi akun diperlukan untuk meningkatkan batas penggunaan layanan,1
Penggunaan sistem aplikasi telah sesuai dengan kebijakan teknologi informasi,0
Laporan singkat disusun agar proses persetujuan dapat berjalan lebih efisien,1
Pesanan pelanggan diproses dan diteruskan ke bagian distribusi,0
Tautan verifikasi dikirim sebagai pengingat karena belum dikonfirmasi,1
Transaksi dinyatakan berhasil dan tercatat dalam laporan sistem,0
Terdapat imbalan tambahan bagi pihak tertentu setelah seluruh proses selesai,1
Pengguna berhasil memperbarui kata sandi melalui menu pengaturan,0
Akun dinonaktifkan sementara sampai seluruh proses verifikasi diselesaikan,1
Pembayaran dilakukan sesuai nominal yang tertera pada dokumen resmi,0
Biaya tambahan diperlukan agar proses administrasi dapat berjalan lancar,1
Pengumuman resmi dibagikan secara serentak kepada seluruh unit kerja,0
Transfer dana ke rekening tujuan dilakukan untuk menyelesaikan tahap akhir,1
Sistem keamanan mendeteksi aktivitas tidak wajar namun masih dalam batas aman,0
Verifikasi lanjutan diperlukan agar layanan tetap dapat digunakan,1
Audit internal dilaksanakan sesuai rencana kerja tahunan perusahaan,0
Permintaan konfirmasi masih menunggu respons dari pihak pengguna,1
Penggunaan anggaran dilaporkan secara transparan kepada manajemen,0
Tersedia opsi tertentu untuk mempercepat proses penyelesaian administrasi,1
Data transaksi disimpan sesuai dengan kebijakan perlindungan data,0
Saldo dana baru dapat dicairkan setelah seluruh proses verifikasi selesai,1
Pelaksanaan pelatihan internal berjalan sesuai agenda yang telah ditetapkan,0
Admin bilang akun kamu bakal dibatasi kalau proses verif tambahan ini belum diselesaikan hari ini juga,1
Rapat koordinasi divisi dilakukan untuk membahas progres kerja dan kendala yang muncul selama minggu berjalan,0
Dana kegiatan sebenarnya bisa diatur alurnya biar ada sisa saldo yang nantinya bisa kita bagi,1
Pembayaran ke vendor sudah dilakukan sesuai kontrak dan tercatat di sistem keuangan perusahaan,0
Klik link yang dikirim admin buat update data supaya akun kamu tidak kena suspend,1
Laporan aktivitas bulanan sudah dikirim ke manajemen untuk ditinjau lebih lanjut,0
"Kalau mau approval cepat, biasanya ada biaya pengurusan tambahan di luar prosedur normal",1
Aku sudah trf biaya registrasi lewat rekening resmi dan bukti pembayarannya tersimpan,0
Sistem mendeteksi login yang tidak biasa jadi kamu diminta verif ulang demi keamanan akun,1
Rapat evaluasi proyek berjalan lancar dan menghasilkan beberapa keputusan strategis,0
Dokumen laporan bisa kita edit sedikit biar nilainya kelihatan sesuai target,1
Aplikasi internal masih bisa dipakai normal setelah update sistem semalam,0
Saldo kamu belum bisa ditarik karena status verif masih dalam proses pengecekan,1
Meeting mingguan tim dilakukan untuk menyamakan rencana kerja ke depan,0
"Nanti setelah dana cair, ada pembagian fee sesuai kesepakatan awal kita",1
Pembayaran gaji karyawan diproses otomatis setiap akhir bulan oleh sistem HR,0
Admin kirim link pribadi buat aktivasi ulang akun kamu karena ada perubahan sistem,1
Pengguna berhasil login ke aplikasi menggunakan username dan password yang valid,0
Trf ke rekening yang dikirim biar proses administrasinya bisa lanjut,1
Notulen rapat sudah dibagikan ke semua peserta lewat email kantor,0
Lewat jalur ini prosesnya lebih cepat dan tidak perlu nunggu verifikasi panjang,1
Pengajuan cuti sudah disetujui atasan dan tercatat di sistem kepegawaian,0
Kode otp diperlukan buat nyelesain proses verif akun yang lagi dicek sistem,1
Semua transaksi keuangan dicatat otomatis dan bisa dilihat di dashboard,0
Laporan kegiatan bisa diringkas sedikit supaya cepat di-approve,1
Sistem layanan online berjalan stabil tanpa gangguan berarti,0
Akun kamu bakal nonaktif sementara kalau verif belum kelar sampai batas waktu,1
Pembayaran langganan aplikasi berhasil diperpanjang tanpa kendala,0
Dana bisa cair lebih cepat kalau kamu setuju sama biaya tambahan ini,1
Pengguna logout dari aplikasi setelah menyelesaikan transaksi,0
Admin minta akses sementara ke akun kamu buat ngecek masalah teknis,1
Laporan keuangan interim sudah direview sebelum dipresentasikan ke direksi,0
Trf nominal kecil dulu buat ngetes apakah sistemnya aman,1
Proses pengadaan barang dilakukan sesuai SOP perusahaan,0
Link verif dikirim ulang karena sebelumnya belum kamu buka,1
Invoice pembayaran bisa diunduh langsung dari sistem keuangan,0
"Kalau mau aman, bahasan detailnya lewat jalur pribadi aja",1
Data transaksi pengguna disimpan sesuai standar keamanan perusahaan,0
Saldo masih ketahan karena proses verif tambahan belum selesai,1
Notifikasi sistem muncul sebagai pengingat status akun kamu,0
Ada bonus tambahan kalau proses ini bisa kelar lebih cepat,1
Profil akun pengguna berhasil diperbarui melalui menu pengaturan,0
Akun e-wallet perlu aktivasi ulang sebelum bisa dipakai lagi,1
Semua transaksi internal tercatat rapi dan siap diaudit,0
Audit bisa diatur alurnya supaya tidak menimbulkan temuan besar,1
Backup data sudah dilakukan sebelum sistem di-update,0
Verif ulang dibutuhkan sebelum akun bisa digunakan normal lagi,1
Pengajuan klaim disertai dokumen pendukung yang lengkap dan sah,0
Ada mekanisme khusus biar pengajuan kamu langsung lolos,1
Sistem absensi otomatis mencatat jam masuk dan pulang karyawan,0
Admin ngehubungin kamu buat konfirmasi data akun,1
Pembayaran online berhasil diproses tanpa error,0
Trf sekarang biar layanan kamu tidak dihentikan sistem,1
Pengumuman internal dibagikan lewat portal resmi perusahaan,0
Skema ini memungkinkan kita dapet bagian setelah dana dicairkan,1
Perubahan jadwal kerja diumumkan ke semua anggota tim,0
Akun kamu lagi masuk tahap pengecekan rutin oleh sistem keamanan,1
Pembayaran tervalidasi dan tercatat otomatis oleh bank,0
Dana sisa kegiatan bisa kita manfaatkan bareng sesuai kesepakatan,1
Dokumen kontrak kerja sama sudah ditandatangani semua pihak,0
Verif akun dibutuhkan supaya limit saldo kamu bisa dinaikkan,1
Penggunaan aplikasi sudah sesuai kebijakan IT perusahaan,0
Laporan singkat dibuat biar proses persetujuan tidak berlarut-larut,1
Pesanan pelanggan sudah diteruskan ke bagian pengiriman,0
Link verif belum dikonfirmasi jadi sistem kirim reminder,1
Transaksi dinyatakan sukses dan masuk ke laporan harian,0
"Nanti setelah semua beres, ada imbalan tambahan buat kamu",1
Pengguna berhasil ganti password lewat menu pengaturan akun,0
Akun nonaktif sementara sampai semua proses verif selesai,1
Pembayaran dilakukan sesuai nominal yang tertera di tagihan,0
Ada biaya tambahan supaya proses administrasi lebih lancar,1
Pengumuman resmi perusahaan disampaikan ke seluruh divisi,0
Trf ke rekening tujuan buat nyelesain tahap akhir proses,1
Sistem keamanan mendeteksi aktivitas aneh tapi masih aman,0
Verif cepat diperlukan biar akun kamu tetap aktif,1
Audit internal tetap berjalan sesuai rencana tahunan,0
Permintaan konfirmasi masih nunggu respon dari kamu,1
Penggunaan anggaran dilaporkan transparan ke manajemen,0
Ada opsi jalur cepat buat nyelesain proses ini,1
Data transaksi disimpan sesuai kebijakan perlindungan data,0
Saldo baru bisa dicairkan setelah semua tahapan verif kelar,1
Pelatihan internal karyawan berjalan sesuai agenda yang ditetapkan,0
Admin ngasih info kalau akun kamu perlu verif tambahan karena ada update sistem keamanan terbaru,1
Rapat koordinasi antar tim dilakukan untuk menyelaraskan rencana kerja dan target yang harus dicapai bulan ini,0
Dana operasional sebenarnya bisa dialihkan alurnya supaya ada sisa saldo yang nanti dibagi bareng,1
Pembayaran ke vendor sudah diproses sesuai perjanjian dan masuk ke laporan keuangan resmi,0
Klik link yang dikirim admin buat konfirmasi data supaya akun kamu tetap aktif,1
Laporan aktivitas proyek mingguan sudah dikirim ke manajemen untuk evaluasi lanjutan,0
"Kalau mau proses approval lebih cepat, biasanya ada biaya tambahan yang perlu disiapkan",1
Aku sudah trf biaya pendaftaran lewat rekening resmi dan statusnya sudah berhasil,0
Sistem mendeteksi aktivitas login yang tidak biasa jadi kamu diminta verif ulang,1
Rapat evaluasi kinerja berjalan lancar dan menghasilkan beberapa rekomendasi perbaikan,0
Dokumen laporan bisa kita poles sedikit biar nilainya kelihatan sesuai ekspektasi,1
Aplikasi internal masih berjalan normal meskipun sempat ada maintenance semalam,0
Saldo kamu belum bisa dicairkan karena status verif masih dicek admin,1
Meeting rutin tim dilakukan buat ngecek progres kerja masing-masing anggota,0
"Nanti kalau dana sudah cair, ada pembagian fee sesuai kesepakatan awal",1
Pembayaran gaji karyawan diproses otomatis oleh sistem payroll perusahaan,0
Admin kirim link aktivasi ulang karena akun kamu perlu penyesuaian data,1
Pengguna berhasil masuk ke sistem menggunakan akun yang sudah terdaftar resmi,0
Trf ke rekening yang dikirim biar proses administrasi bisa lanjut tanpa hambatan,1
Notulen rapat sudah dibagikan ke seluruh peserta lewat email kantor,0
Lewat jalur ini biasanya prosesnya lebih singkat dan tidak terlalu ribet,1
Pengajuan cuti sudah dicatat dan disetujui sesuai aturan perusahaan,0
Kode otp dibutuhkan buat nyelesain proses verif yang lagi berjalan,1
Semua transaksi keuangan tercatat otomatis dan bisa dicek di dashboard,0
Laporan kegiatan bisa diringkas dikit supaya cepat di-approve atasan,1
Sistem layanan digital berjalan stabil dan bisa diakses tanpa gangguan,0
Akun kamu bakal dibatasi sementara kalau verif belum kelar hari ini,1
Pembayaran langganan aplikasi berhasil diperpanjang sesuai jadwal,0
Dana bisa cair lebih cepat kalau kamu setuju dengan biaya pengurusan tambahan,1
Pengguna logout dari aplikasi setelah semua transaksi selesai,0
Admin minta akses sementara ke akun buat ngecek error tertentu,1
Laporan keuangan sementara sudah dicek sebelum diserahkan ke manajemen,0
Trf nominal kecil dulu buat ngetes apakah alur sistemnya aman,1
Proses pengadaan barang dilakukan sesuai SOP dan kebijakan perusahaan,0
Link verif dikirim ulang karena sebelumnya belum kamu respon,1
Invoice pembayaran sudah tersedia dan bisa diunduh dari sistem,0
"Kalau mau aman, detail pembahasan sebaiknya lewat jalur pribadi saja",1
Data transaksi disimpan sesuai standar keamanan informasi perusahaan,0
Ada bonus tambahan kalau proses ini bisa selesai lebih cepat,1
Profil akun pengguna berhasil diperbarui lewat menu pengaturan,0
Akun e-wallet perlu aktivasi ulang sebelum bisa digunakan lagi,1
Semua transaksi internal tercatat rapi dan siap dicek kapan saja,0
Audit bisa diarahkan alurnya supaya tidak muncul temuan besar,1
Backup data sudah dilakukan sebelum sistem diperbarui,0
Verif ulang dibutuhkan sebelum akun bisa dipakai normal lagi,1
Pengajuan klaim disertai dokumen pendukung yang lengkap,0
Ada mekanisme khusus biar pengajuan ini langsung disetujui,1
Sistem absensi otomatis mencatat jam kerja karyawan setiap hari,0
Admin ngehubungin kamu buat konfirmasi ulang data akun,1
Pembayaran online berhasil diproses tanpa kendala teknis,0
Trf sekarang biar layanan kamu tidak dihentikan oleh sistem,1
Pengumuman internal disampaikan lewat portal resmi perusahaan,0
Perubahan jadwal kerja sudah diumumkan ke seluruh tim,0
Akun kamu sedang masuk tahap pengecekan rutin sistem,1
Dana sisa kegiatan bisa dimanfaatkan bareng sesuai kesepakatan,1
Verif akun diperlukan supaya limit saldo kamu bisa ditingkatkan,1
Laporan singkat disusun biar proses persetujuan tidak terlalu lama,1
Link verif belum dikonfirmasi jadi sistem kirim reminder otomatis,1
"Setelah semua proses selesai, ada imbalan tambahan buat kamu",1
Pengguna berhasil ganti password lewat pengaturan akun,0
Akun nonaktif sementara sampai proses verif benar-benar selesai,1
Pengumuman resmi perusahaan dibagikan ke seluruh divisi,0
Sistem keamanan mendeteksi aktivitas yang tidak biasa tapi masih aman,0
Verif cepat diperlukan supaya akun kamu tetap aktif,1
Audit internal tetap dijalankan sesuai rencana tahunan,0
Penggunaan anggaran dilaporkan secara transparan ke manajemen,0
Saldo baru bisa dicairkan setelah semua tahapan verif selesai,1
Pelatihan internal karyawan berjalan sesuai agenda yang sudah ditetapkan,0
